{"accuracy/top1": 62.45325469970703, "accuracy/top5": 85.11592864990234, "data_time": 0.2904949188232422, "time": 0.39136519886198495}